<?xml version="1.0" encoding="utf-8"?>
<ApplicationInstallerManifest>
   <DefaultInstallationDirectory>/Applications/University_of_Sheffield/MTSD/</DefaultInstallationDirectory>
   <ApplicationName>MTSD</ApplicationName>
   <ExecutableName>application/MTSD.exe</ExecutableName>
   <GUID>32f02528-473d-4b55-a793-24d480479804</GUID>
   <ApplicationIcon>default_icon_48.png</ApplicationIcon>
   <Logo>default_logo.png</Logo>
   <Version>1.0</Version>
   <InstallationNotes>In the following directions, replace MR by the directory where MATLAB or the MATLAB Runtime is installed on the target machine.

If the environment variable DYLD_LIBRARY_PATH is undefined, set it to the following string:

MR/v93/runtime/maci64:MR/v93/sys/os/maci64:MR/v93/bin/maci64

If it is defined, set it to the following:

${DYLD_LIBRARY_PATH}:MR/v93/runtime/maci64:MR/v93/sys/os/maci64:MR/v93/bin/maci64</InstallationNotes>
   <AuthorOrganization>University of Sheffield</AuthorOrganization>
   <Summary>This is an application to analyse cytoskeleton organisation in 2D images</Summary>
   <WelcomePanelText>MTSD 1.0
This is an application to analyse cytoskeleton organisation in 2D images

For detailed information see github.com/nbul/MTSD

Natalia A. Bulgakova
n.bulgakova@sheffield.ac.uk</WelcomePanelText>
   <MCRProducts>
      <MCRProduct>
         <ExternalProductIdentifier>35000</ExternalProductIdentifier>
      </MCRProduct>
      <MCRProduct>
         <ExternalProductIdentifier>35001</ExternalProductIdentifier>
      </MCRProduct>
      <MCRProduct>
         <ExternalProductIdentifier>35010</ExternalProductIdentifier>
      </MCRProduct>
   </MCRProducts>
</ApplicationInstallerManifest>